Label,# Samples,Average,Min,Max,Std. Dev.,Error %,Throughput,Received KB/sec,Sent KB/sec,Avg. Bytes
Insert DB Generated,60,283,262,315,14.88,0.000%,46.80187,5.76,5.94,126.0
Insert UUID Generated,60,286,263,321,14.60,0.000%,47.02194,5.79,5.92,126.0
Insert Ungenerated,60,279,261,304,11.57,0.000%,46.08295,5.67,6.79,126.0
Retrieve One,60,279,262,308,13.28,0.000%,45.83652,11.95,5.64,267.0
Retrieve Filtered,60,281,264,311,11.08,0.000%,46.80187,293.11,5.80,6413.0
Retrieve All,60,306,266,479,41.21,0.000%,46.72897,307.21,5.61,6732.0
