Label,# Samples,Average,Min,Max,Std. Dev.,Error %,Throughput,Received KB/sec,Sent KB/sec,Avg. Bytes
Insert DB Generated,60,295,264,339,21.12,0.000%,44.77612,5.51,5.68,126.0
Insert UUID Generated,60,282,264,317,12.30,0.000%,46.40371,5.71,5.85,126.0
Insert Ungenerated,60,280,262,305,12.21,0.000%,47.13276,5.80,6.94,126.0
Retrieve One,60,277,258,303,12.88,0.000%,46.83841,12.21,5.76,267.0
Retrieve Filtered,60,283,265,319,13.06,0.000%,47.31861,296.34,5.87,6413.0
Retrieve All,60,289,268,339,15.29,0.000%,45.90666,301.80,5.51,6732.0
