Average,Min,Max,Std. Dev.,Throughput,Received KB/sec,Sent KB/sec,Avg. Bytes
619,46,930,244.88,61.57635,5.95,7.94,99.0
623,54,956,240.98,60.16847,5.82,7.70,99.0
597,50,847,213.67,62.15040,6.01,9.28,99.0
668,49,1040,270.58,58.07201,13.61,7.26,240.0
613,39,948,255.61,60.64281,620.70,7.64,10481.0
621,38,1011,252.39,58.00464,626.10,7.08,11053.0
