Average,Min,Max,Std. Dev.,Throughput,Received KB/sec,Sent KB/sec,Avg. Bytes
772,56,1096,291.79,53.96654,5.22,6.96,99.0
821,53,1203,323.17,53.02227,5.13,6.78,99.0
781,60,1151,307.49,54.34783,5.25,8.12,99.0
580,44,840,220.81,62.26650,14.59,7.78,240.0
1068,72,1478,365.48,46.01933,471.02,5.80,10481.0
1330,57,1737,349.21,41.42502,447.14,5.06,11053.0
