Average,Min,Max,Std. Dev.,Throughput,Received KB/sec,Sent KB/sec,Avg. Bytes
726,46,1061,272.91,59.34718,5.74,7.65,99.0
783,48,1075,255.54,57.77008,5.59,7.39,99.0
818,52,1121,301.02,56.24297,5.44,8.40,99.0
766,52,1079,260.96,58.85815,13.79,7.36,240.0
933,58,1325,325.32,48.89976,500.51,6.16,10481.0
783,47,1016,196.31,56.27462,607.43,6.87,11053.0
