Label,# Samples,Average,Min,Max,Std. Dev.,Error %,Throughput,Received KB/sec,Sent KB/sec,Avg. Bytes
Insert DB Generated,60,286,265,318,12.59,0.000%,45.76659,5.41,5.81,121.0
Insert UUID Generated,60,286,265,314,12.98,0.000%,46.40371,5.48,5.85,121.0
Insert Ungenerated,60,298,266,378,26.32,0.000%,44.54343,5.26,6.56,121.0
Retrieve One,60,313,269,461,53.11,0.000%,46.91165,11.96,5.77,261.0
Retrieve Filtered,60,301,265,432,36.25,0.000%,46.33205,252.20,5.75,5574.0
Retrieve All,60,283,265,319,13.37,0.000%,46.91165,283.30,5.63,6184.0
