Average,Min,Max,Std. Dev.,Throughput,Received KB/sec,Sent KB/sec,Avg. Bytes
861,,74,,1222,,334.16,,51.51984,,4.98,,6.64,,99.0
753,,64,,1122,,294.93,,53.41880,,5.16,,6.83,,99.0
862,,63,,1180,,318.60,,51.59959,,4.99,,7.71,,99.0
684,,53,,1036,,238.13,,59.10165,,13.79,,7.39,,239.0
966,,59,,1545,,373.40,,45.35147,,472.96,,5.71,,10679.0
1071,,83,,1630,,329.56,,42.80822,,457.85,,5.23,,10952.0
