Average,Min,Max,Std. Dev.,Throughput,Received KB/sec,Sent KB/sec,Avg. Bytes
898,,46,,1200,,232.48,,54.85464,,5.30,,7.07,,99.0
986,,46,,1339,,297.27,,52.30126,,5.06,,6.69,,99.0
957,,50,,1285,,280.93,,53.36179,,5.16,,7.97,,99.0
802,,50,,1247,,298.59,,57.20824,,13.35,,7.15,,239.0
1393,,89,,2165,,519.86,,36.03604,,375.81,,4.54,,10679.0
1227,,97,,1749,,369.30,,42.28330,,452.23,,5.16,,10952.0
