Average,Min,Max,Std. Dev.,Throughput,Received KB/sec,Sent KB/sec,Avg. Bytes
805,,56,,1151,,258.93,,57.57052,,5.57,,7.42,,99.0
824,,45,,1185,,297.98,,53.67687,,5.19,,6.87,,99.0
905,,57,,1253,,299.67,,53.19149,,5.14,,7.94,,99.0
792,,63,,1195,,265.54,,57.77008,,13.48,,7.22,,239.0
1212,,95,,1927,,458.32,,40.20909,,419.33,,5.07,,10679.0
997,,62,,1473,,323.41,,46.44682,,496.76,,5.67,,10952.0
