Label,# Samples,Average,Min,Max,Std. Dev.,Error %,Throughput,Received KB/sec,Sent KB/sec,Avg. Bytes
Insert DB Generated,60,283,266,313,11.53,0.000%,47.05882,5.79,5.97,126.0
Insert UUID Generated,60,287,268,324,12.95,0.000%,45.94181,5.65,5.79,126.0
Insert Ungenerated,60,285,267,319,13.25,0.000%,47.02194,5.79,6.93,126.0
Retrieve One,60,283,260,309,13.64,0.000%,45.94181,11.93,5.65,266.0
Retrieve Filtered,60,289,269,329,14.78,0.000%,47.16981,300.94,5.85,6533.0
Retrieve All,60,332,276,396,24.82,0.000%,45.42014,295.90,5.46,6671.0
